encoding_size,mean_seconds,std_seconds,seqs_per_second,all_times,num_runs,warmup_runs
10,0.014831507578492165,0.0002878571919512786,674.2402919647527,"[0.015150535851716995, 0.014890987426042557, 0.014452999457716942]",3,1
100,0.0169676560908556,0.0003927547999049289,5893.5659388978975,"[0.017396772280335426, 0.016447681933641434, 0.017058514058589935]",3,1
1000,0.023335664222637813,0.00025062689504711254,42852.8620595211,"[0.02332828938961029, 0.02303246408700943, 0.023646239191293716]",3,1
5000,0.07531540840864182,0.02679774855700333,66387.47775051952,"[0.11321276053786278, 0.05651511624455452, 0.05621834844350815]",3,1
10000,0.09469932255645593,0.0015468919236495957,105597.37630687276,"[0.09627947956323624, 0.09521945007145405, 0.0925990380346775]",3,1
50000,0.4001942165195942,0.0016328328122958225,124939.33679211957,"[0.3992269355803728, 0.3988619577139616, 0.40249375626444817]",3,1
