query_size,database_size,db_build_time_one_time,search_mean,search_std,num_runs,warmup_runs
10,1000,0.030086267739534378,0.433153052503864,0.0888248545978099,3,1
100,1000,0.030086267739534378,1.1019795201718807,0.04491062643708163,3,1
1000,1000,0.030086267739534378,2.266906419148048,0.028610643379455902,3,1
10,10000,0.09940441325306892,2.1373739254971347,0.023936742300639375,3,1
100,10000,0.09940441325306892,4.377004709094763,0.04757753635218897,3,1
1000,10000,0.09940441325306892,6.541757315397263,0.07380514519513226,3,1
10,100000,0.9050162360072136,18.28976635138194,0.06417003862859348,3,1
100,100000,0.9050162360072136,23.77625710144639,0.19979238736202187,3,1
1000,100000,0.9050162360072136,29.931284688413143,0.11197976806444726,3,1
