query_size,database_size,encode_mean,encode_std,db_build_time_one_time,search_mean,search_std,total_mean,total_std,num_runs,warmup_runs,mode
10,1000,0.18529854901134968,0.025103600558405367,3.9722001515328884,2.405900541692972,0.05195869357853745,2.591199090704322,0.05770525625438569,3,1,GPU
100,1000,0.47901824675500393,0.21492931429164847,3.9722001515328884,5.843500816573699,0.17888487525571953,6.322519063328703,0.27963263174589004,3,1,GPU
1000,1000,2.728858878215154,0.1278212308455456,3.9722001515328884,68.84908366700013,0.48047105961814224,71.57794254521528,0.4971827693971812,3,1,GPU
10,10000,0.15321520095070204,0.0003741289142259842,90.54212670214474,2.6614029202610254,0.06207886420950376,2.8146181212117276,0.06207999157527703,3,1,GPU
100,10000,0.3298152418186267,0.02444024714522311,90.54212670214474,8.744935808703303,0.026973804454175052,9.07475105052193,0.0363993380056789,3,1,GPU
1000,10000,2.59183937497437,0.05863638389065988,90.54212670214474,117.8409993511935,3.0996000329062343,120.43283872616787,3.1001546073555915,3,1,GPU
