encoding_size,mean_seconds,std_seconds,structs_per_second,all_times,num_runs,warmup_runs
10,0.18766799196600914,0.05253306306028632,53.28559172632498,"[0.2619595117866993, 0.15012019500136375, 0.15092426910996437]",3,1
100,0.3927260444809993,0.10938620372686056,254.6304259809236,"[0.3084764648228884, 0.32249195128679276, 0.5472097173333168]",3,1
1000,2.6429557570566735,0.05147926305628752,378.36426029077745,"[2.5919264014810324, 2.62350182980299, 2.7134390398859978]",3,1
5000,8.27851408906281,0.3836223078478874,603.9731220130154,"[8.022169258445501, 8.820769356563687, 7.992603652179241]",3,1
10000,14.891368977725506,0.4197288932721972,671.5299322015317,"[15.350679446011782, 14.336085218936205, 14.98734226822853]",3,1
