query_size,database_size,encode_mean,encode_std,db_build_time_one_time,search_mean,search_std,total_mean,total_std,num_runs,warmup_runs,mode
10,1000,3.7627052621295056,0.35813842494128184,42.30644677206874,1.8825161457061768,0.05349215679474103,5.645221407835683,0.3621112291243884,3,1,GPU
100,1000,6.351886512090762,0.07165856085475529,42.30644677206874,3.590715198467175,0.08585011367912182,9.942601710557938,0.11182661294384627,3,1,GPU
1000,1000,32.190607384468116,0.26782529813094397,42.30644677206874,19.04113062719504,0.08903200636334904,51.231738011663154,0.282235873828988,3,1,GPU
10,10000,3.7264407544086375,0.2543422297052039,287.69739082455635,2.5403022623310485,0.12893855027169304,6.266743016739686,0.28515806065685856,3,1,GPU
100,10000,6.778969230130315,0.49509009386787445,287.69739082455635,5.183080799877644,0.16321470695984025,11.962050030007958,0.5212995699346847,3,1,GPU
1000,10000,32.69519523282846,0.0694808022421638,287.69739082455635,29.78207606387635,0.2439223967718,62.477271296704814,0.2536251516058967,3,1,GPU
