encoding_size,mean_seconds,std_seconds,seqs_per_second,all_times,num_runs,warmup_runs,mode
10,3.6649927590042353,0.31683800232091475,2.728518351211412,"[3.462539777159691, 3.4200414456427097, 4.112397054210305]",3,1,GPU
100,6.673449479664366,0.2733768145987438,14.984754182184863,"[6.430954128503799, 7.055463962256908, 6.5339303482323885]",3,1,GPU
1000,31.907930779581267,0.09625962535996971,31.340170784121376,"[31.910600809380412, 31.788724960759282, 32.02446656860411]",3,1,GPU
5000,145.60037515001991,1.0907705023795347,34.340570859437896,"[144.15366297215223, 146.787345668301, 145.86011680960655]",3,1,GPU
10000,294.59006008257467,2.536690296803491,33.94547663012446,"[291.64495737478137, 294.28864017874, 297.83658269420266]",3,1,GPU
